<?xml version="1.0" encoding="utf-8" ?>
<otrs_config version="1.0" init="Application">
    <ConfigItem Name="DynamicFields::Driver###Attachment" Required="0" Valid="1">
        <Description Translatable="1">DynamicField backend registration.</Description>
        <Group>OTRSDynamicFieldAttachment</Group>
        <SubGroup>DynamicFields::Driver::Registration</SubGroup>
        <Setting>
            <Hash>
                <Item Key="DisplayName" Translatable="1">Attachment</Item>
                <Item Key="Module">Kernel::System::DynamicField::Driver::Attachment</Item>
                <Item Key="ConfigDialog">AdminDynamicFieldAttachment</Item>
                <Item Key="ItemSeparator">, </Item>
            </Hash>
        </Setting>
    </ConfigItem>
    <ConfigItem Name="Frontend::Module###AdminDynamicFieldAttachment" Required="0" Valid="1">
        <Description Translatable="1">Frontend module registration for the admin interface.</Description>
        <Group>OTRSDynamicFieldAttachment</Group>
        <SubGroup>Frontend::Admin::ModuleRegistration</SubGroup>
        <Setting>
            <FrontendModuleReg>
                <Group>admin</Group>
                <Description>Admin</Description>
                <Title Translatable="1">Dynamic Fields Attachment Backend GUI</Title>
                <Loader>
                    <CSS>Core.Agent.Admin.DynamicField.css</CSS>
                    <JavaScript>Core.Agent.Admin.DynamicField.js</JavaScript>
                </Loader>
            </FrontendModuleReg>
        </Setting>
    </ConfigItem>
    <ConfigItem Name="Frontend::Module###AgentDynamicFieldAttachment" Required="0" Valid="1">
        <Description Translatable="1">Frontend module registration for the agent interface.</Description>
        <Group>OTRSDynamicFieldAttachment</Group>
        <SubGroup>Frontend::Agent::ModuleRegistration</SubGroup>
        <Setting>
            <FrontendModuleReg>
                <NavBarName>Ticket</NavBarName>
                <Description>Agent</Description>
                <Title Translatable="1">Dynamic Fields Attachment download frontend </Title>
                <Loader>
                    <JavaScript>Core.Agent.Admin.DynamicField.js</JavaScript>
                </Loader>
            </FrontendModuleReg>
        </Setting>
    </ConfigItem>
    <ConfigItem Name="CustomerFrontend::Module###CustomerDynamicFieldAttachment" Required="0" Valid="1">
        <Description Translatable="1">Frontend module registration for the customer interface.</Description>
        <Group>OTRSDynamicFieldAttachment</Group>
        <SubGroup>Frontend::Customer::ModuleRegistration</SubGroup>
        <Setting>
            <FrontendModuleReg>
                <NavBarName>Ticket</NavBarName>
                <Description>Customer</Description>
                <Title Translatable="1">Dynamic Fields Attachment download frontend </Title>
            </FrontendModuleReg>
        </Setting>
    </ConfigItem>
    <ConfigItem Name="Loader::Agent::CommonJS###100-Framework" Required="1" Valid="1">
        <Description Translatable="1">List of JS files to always be loaded for the agent interface.</Description>
        <Group>OTRSDynamicFieldAttachment</Group>
        <SubGroup>Core::Web</SubGroup>
        <Setting>
            <Array>
                <Item>Core.Agent.DynamicField.Attachment.js</Item>
            </Array>
        </Setting>
    </ConfigItem>
    <ConfigItem Name="Loader::Customer::CommonJS###100-Framework" Required="1" Valid="1">
        <Description Translatable="1">List of JS files to always be loaded for the customer interface.</Description>
        <Group>OTRSDynamicFieldAttachment</Group>
        <SubGroup>Core::Web</SubGroup>
        <Setting>
            <Array>
                <Item>Core.Agent.DynamicField.Attachment.js</Item>
            </Array>
        </Setting>
    </ConfigItem>
    <ConfigItem Name="Frontend::Output::FilterElementPost###OutputFilterOTRSDynamicFieldAttachment" Required="1" Valid="1">
        <Description Translatable="1">Output pre-filter to add javascript translation texts.</Description>
        <Group>OTRSDynamicFieldAttachment</Group>
        <SubGroup>OutputFilter</SubGroup>
        <Setting>
            <Hash>
                <Item Key="Module">Kernel::Output::HTML::FilterElementPost::OTRSDynamicFieldAttachment</Item>
                <Item Key="Templates">
                    <Hash>
                        <Item Key="CustomerFooter">1</Item>
                        <Item Key="CustomerFooterSmall">1</Item>
                        <Item Key="Footer">1</Item>
                    </Hash>
                </Item>
            </Hash>
        </Setting>
    </ConfigItem>

    <ConfigItem Name="DynamicFields::Extension::Backend###107-Attachment" Required="1" Valid="1">
        <Description Translatable="1">Dynamic Fields Extension.</Description>
        <Group>OTRSDynamicFieldAttachment</Group>
        <SubGroup>DynamicFields::Extension::Registration</SubGroup>
        <Setting>
            <Hash>
                <Item Key="Module">Kernel::System::DynamicField::AttachmentBackend</Item>
            </Hash>
        </Setting>
    </ConfigItem>
</otrs_config>
