<?xml version='1.0' encoding='utf-8'?>
<!DOCTYPE book PUBLIC "-//OASIS//DTD DocBook XML V4.4//EN"
    "http://www.oasis-open.org/docbook/xml/4.4/docbookx.dtd">

<book lang='en'>

<!-- ************************************** Head *********************************************** -->

<bookinfo>
<title>$Name</title>
<edition>$Description Version $Version</edition>

<copyright>
<year>$YearStamp</year>
<holder>$Vendor, $URL</holder>
</copyright>

<date>$DateStamp</date>

<legalnotice>
    <para>$License</para>
    <para>This work is copyrighted by $Vendor, Norsk-Data-Str. 1, 61352 Bad Homburg, Germany.</para>
    <para>Build Date: $DateStamp</para>
</legalnotice>

</bookinfo>

<!-- ************************************ Customer part ****************************************** -->

<preface id="preface" >
    <!-- ********** -->
    <!-- 1. Preface -->
    <!-- ********** -->
    <title>Preface</title>
    <para>
        This module offers the possibility to use an additional search for ConfigItems. The main use case is to search for ConfigItem owners across
        several CI-Classes. It should for instance be possible to find all ConfigItems of a specific owner during a change of an employee.
    </para>
    <para>
        If you have questions regarding this document or if you need further information, please log in to our customer portal at portal.otrs.com with your OTRS ID and create a ticket.
        You do not have an OTRS ID yet? Register
        <ulink url="https://portal.otrs.com/otrs/customer.pl#Signup">here for free</ulink>.
    </para>
</preface>

<chapter>
    <!-- *************** -->
    <!-- 2. Feature List -->
    <!-- *************** -->
    <title>Feature List</title>
    <sect1>
        <title>Customized ConfigItem search</title>
        <para>
            This module offers the possibility to use an additional search for ConfigItems. This search functionality is used to search for ConfigItems
            across several CI-Classes which all belongs to a specific owner.
            The search can be limited to specific CI-Classes, by default all classes are selected. It´s additionally possible to limit the search by
            selecting the deployment- and / or incident-state.
            Within the search field 'Owner' the CI-Owner can be selected for which the ConfigItems should be found.
        </para>
    </sect1>
</chapter>

<chapter>
    <!-- ******************** -->
    <!-- 3. System Reqirements -->
    <!-- ******************** -->
    <title>System Requirements</title>
    <sect1>
        <title>Framework</title>
        <para>The following OTRS framework is required:</para>
        <para>
        $Framework
        </para>
    </sect1>
    <sect1>
        <title>Packages</title>
        <para>The following packages are required:</para>
        <para>
        $PackageRequired
        </para>
    </sect1>
    <sect1>
        <title>Operating System</title>
        <para>This package requires one of the following operating systems:</para>
        <para>
        $OS
        </para>
    </sect1>
    <sect1>
        <title>Third Party Software</title>
        <para>This third party software is required to use this package:</para>
        <para>
            <itemizedlist>
                <listitem><para>None.</para></listitem>
            </itemizedlist>
        </para>
    </sect1>
</chapter>

<chapter>
    <!-- *************** -->
    <!-- 4. Installation -->
    <!-- *************** -->
    <title>Installation</title>
    <para>The following instructions explain how to install the package.</para>
    <sect1>
        <title>Admin Interface</title>
        <para>
            Please use the following URL to install the package utilizing the admin
            interface (please note that you need to be in the admin group).
        </para>
        <para>
            <ulink url="http://localhost/otrs/index.pl?Action=AdminPackageManager">
                http://localhost/otrs/index.pl?Action=AdminPackageManager
            </ulink>
        </para>
    </sect1>
    <sect1>
        <title>Command Line</title>
        <para>
            Whenever you cannot use the Admin Interface for whatever reason, you may use the
            following command line tool ("bin/otrs.Console.pl Admin::Package::Install") instead.
        </para>
        <para>
        <screen>
shell> bin/otrs.Console.pl Admin::Package::Install /path/to/$Name-$Version.opm
        </screen>
        </para>
    </sect1>
</chapter>

<chapter>
    <!-- **************** -->
    <!-- 5. Configuration -->
    <!-- **************** -->
    <title>Configuration</title>
    <para>The package can be configured via the SysConfig in the Admin Interface. The following configuration options are available:</para>
    <section>
        <title>Frontend::Module###AgentITSMConfigItemCustomSearch.</title>
        <para>Group: OTRSCICustomSearch, Subgroup: Frontend::Agent::ModuleRegistration.</para>
        <para>Frontend module registration for the agent interface.</para>
    </section>
    <section>
        <title>ITSMConfigItem::CustomSearchXMLFields.</title>
        <para>Group: OTRSCICustomSearch, Subgroup: Frontend::Agent::ViewConfigItemSearch.</para>
        <para>Defines the shown xml search fields for the custom CI search. Example (Owner, NIC::IPAddress, etc.).</para>
    </section>
</chapter>

<chapter>
    <!-- ******** -->
    <!-- 6. Usage -->
    <!-- ******** -->
    <title>Usage</title>
    <sect1>
        <title>Custom CI-Search</title>
        <para>
            If many ConfigItems of several classes are available, which all belongs to a specific owner, it´s possible to find them
            with the custom CI-Search.
            Open the entry 'Search (Custom)' in the navigation bar below the category 'CMDB':

            <mediaobject>
                <imageobject>
                    <imagedata scalefit="1" width="100%" contentdepth="100%" fileref="../images/Navigation.png" format="PNG"/>
                </imageobject>
            </mediaobject>
        </para>
        <para>
            Within this mask, it´s possible to add the desired classes, the deployment state, the incident state and the owner as
            the search criteria. Insert the name of the customer in the search field 'Owner'. This field has a autocompletion
            function to assist you by selecting the owner:

            <mediaobject>
                <imageobject>
                    <imagedata scalefit="1" width="100%" contentdepth="100%" fileref="../images/CustomSearchMask.png" format="PNG"/>
                </imageobject>
            </mediaobject>
        </para>
        <para>
            After a click on 'Search' all CI´s will be found which are assign to your selected owner related to your additional search criteria.

            <mediaobject>
                <imageobject>
                    <imagedata scalefit="1" width="100%" contentdepth="100%" fileref="../images/SearchResult.png" format="PNG"/>
                </imageobject>
            </mediaobject>
        </para>
    </sect1>
</chapter>

<!-- ***************************************** Technical part ************************************ -->

<chapter>
    <!-- ********************************* -->
    <!-- 7. Technical Implematation Detail -->
    <!-- ********************************* -->
    <title>Technical Implementation Details</title>
    <para>
        This package adds a new frontend module 'AgentITSMConfigItemCustomSearch.pm', which displays a new entry 'Search (Custom)' in the
        navigation category 'CMDB'.
    </para>
    <para>
        The file Kernel/Config/Files/OTRSCICustomSearch.xml contains all configuration entries of the module.
    </para>
    <para>
        The file Kernel/Language/de_OTRSCICustomSearch.pm contains the german translation.
    </para>
    <para>
        The template file Kernel/Output/HTML/Standard/AgentITSMConfigItemCustomSearch.tt contains the related HTML-Code of the search mask.
    </para>
</chapter>

<chapter>
    <!-- *********** -->
    <!-- 8. Filelist -->
    <!-- *********** -->
    <title>Filelist</title>
    <!-- Standard text. Don't change this -->
    <para>This list shows all included files and the referring permissions.</para>
    <para>
       $Filelist
    </para>
</chapter>

<chapter>
    <!-- ******* -->
    <!-- 9. Test -->
    <!-- ******* -->
    <title>Tests</title>
    <para>This module has been tested on the current state of the art in quality.</para>
    <sect1>
        <title>Testcases</title>
        <para>
            <!-- Reference to point 6.x and document the results -->
            To test this module properly, follow the instructions described in the section 'Usage'.
        </para>
        <para>Selenium unit tests</para>
        <para>
            To run the Selenium unit tests, make sure you have a complete Selenium environment setup in your Kernel/Config.pm file and a running a WebDriver.
        </para>
        <screen>
            shell> perl bin/otrs.Console.pl Dev::UnitTest::Run --test AgentITSMConfigItemCustomSearch
        </screen>
        <para>Run all available unit tests</para>
        <para>
            To run all available unit tests, use the following command on the command line:
        </para>
        <screen>shell> perl bin/otrs.Console.pl Dev::UnitTest::Run</screen>
    </sect1>
</chapter>

<chapter>
    <!-- ************* -->
    <!-- 10. Changelog -->
    <!-- ************* -->
    <title>ChangeLog</title>
    <para>
    $ChangeLog
    </para>
</chapter>

</book>
