<?xml version='1.0' encoding='utf-8'?>
<!DOCTYPE book PUBLIC "-//OASIS//DTD DocBook XML V4.4//EN"
    "http://www.oasis-open.org/docbook/xml/4.4/docbookx.dtd">

<book lang="en">

<!--
************************************** Head ***********************************************
-->
<bookinfo>
    <title>$Name</title>
    <edition>$Description Version $Version</edition>
    <copyright>
        <year>$YearStamp</year>
        <holder>$Vendor, $URL</holder>
    </copyright>
    <date>$DateStamp</date>
    <legalnotice>
        <para>$License</para>
        <para>
            This work is copyrighted by $Vendor, Norsk-Data-Str. 1, 61352 Bad Homburg, Germany.
        </para>
        <para>Build Date: $DateStamp</para>
    </legalnotice>
</bookinfo>

<!--
************************************ Customer part ******************************************
-->

<!-- ********** -->
<!-- 1. Preface -->
<!-- ********** -->
<preface id="preface">
    <title>Preface</title>
    <para>
        This package adds finance functionality to internal OTRS portal.
    </para>
    <para>
        If you have questions regarding this document or if you need further information, please log in to our customer portal at portal.otrs.com with your OTRS ID and create a ticket.
        You do not have an OTRS ID yet? Register
        <ulink url="https://portal.otrs.com/otrs/customer.pl#Signup">here for free</ulink>.
    </para>
</preface>

<chapter>
    <title>Installation</title>
    <para>
        The following instructions explain how to install the package.
    </para>
    <section>
        <title>Admin Interface</title>
        <para>
            Please use the following URL to install the package utilizing the Admin Interface
            (please note that you need to be in the "admin" group).
        </para>
        <para>
            <ulink url="http://localhost/otrs/index.pl?Action=AdminPackageManager">
                http://localhost/otrs/index.pl?Action=AdminPackageManager
            </ulink>
        </para>
    </section>
    <section>
        <title>Command Line</title>
        <para>
            Whenever you cannot use the Admin Interface for whatever reason, you may use the
            following command line tool ("bin/otrs.Console.pl Admin::Package::Install") instead.
        </para>
        <para>
            <screen>
shell> bin/otrs.Console.pl Admin::Package::Install /path/to/$Name-$Version.opm
            </screen>
        </para>
    </section>
</chapter>

<!-- **************** -->
<!-- 5. Configuration -->
<!-- **************** -->
<chapter>
    <title>Configuration</title>
    <para>The package can be configured via the SysConfig in the Admin Interface. The following configuration options are available:</para>
    <section>
        <title>Frontend::Module###AgentFinance.</title>
        <para>Group: Finance, Subgroup: Frontend::Agent::ModuleRegistration.</para>
        <para>All parameters for the Finance object in the agent interface.</para>
    </section>
    <section>
        <title>Ticket::Frontend::MenuModule###460-Offer.</title>
        <para>Group: Ticket, Subgroup: Frontend::Agent::Ticket::MenuModule.</para>
        <para>Module to show offer link in menu.</para>
    </section>
    <section>
        <title>AutoComplete::Agent###CustomerCompanySearch.</title>
        <para>Group: Framework, Subgroup: Frontend::Agent.</para>
        <para>Defines the config options for the autocompletion feature.</para>
    </section>
    <section>
        <title>Frontend::Module###AgentCustomerCompanySearch.</title>
        <para>Group: Ticket, Subgroup: Frontend::Agent::ModuleRegistration.</para>
        <para>Frontend module registration for the agent interface.</para>
    </section>
    <section>
        <title>CustomerCompany::EventModulePost###110-UpdateFinanceEntries.</title>
        <para>Group: Finance, Subgroup: Core::CustomerCompany.</para>
        <para>Event module that updates finance entries after an update of the Customer Company.</para>
    </section>
</chapter>

<!-- ******** -->
<!-- 6. Usage -->
<!-- ******** -->
<chapter>
    <title>Usage</title>
    <section>
        <title>Create Stats</title>
        <para>
            Please create a group "DevelopmentFinance" and assign agents with
            rw permissions to this group to show the Finance menu in the Navigation.
        </para>
    </section>
</chapter>

<!--
***************************************** Technical part ************************************
-->

<!-- ********************************* -->
<!-- 7. Technical Implementation Detail -->
<!-- ********************************* -->
<!--
<chapter>
    <title>Technical Implementation Details</title>
    <para>
        .
    </para>
</chapter>
-->

<!-- *********** -->
<!-- 8. Filelist -->
<!-- *********** -->
<chapter>
    <title>File list</title>
    <para>This list shows all included files and the referring permissions.</para>
    <para>$Filelist</para>
</chapter>

<!-- ******* -->
<!-- 9. Test -->
<!-- ******* -->
<chapter>
    <title>Tests</title>
    <para>This module has been tested on the current state of the art in quality.</para>
    <section>
        <title>Test Cases</title>
        <para>
            To tests this package please follow the examples described in the Usage section, all the
            tests cases should return the expected results defined at the beginning of each example.
        </para>
         <para>Selenium unit tests</para>
        <para>
            To run the Selenium unit tests, make sure you have a complete Selenium environment setup in your Kernel/Config.pm file and a running a WebDriver.
        </para>
        <screen>
            shell> perl bin/otrs.Console.pl Dev::UnitTest::Run --test AgentFinance:AgentFinanceOverview
         </screen>
         <para>Run all available unit tests</para>
         <para>
            To run all available unit tests, use the following command on the command line:
         </para>
        <screen>
            shell> perl bin/otrs.Console.pl Dev::UnitTest::Run
        </screen>
    </section>
</chapter>

<!-- ************* -->
<!-- 10. Changelog -->
<!-- ************* -->
<chapter>
    <title>Change Log</title>
    <para>$ChangeLog</para>
</chapter>

</book>
