<?xml version="1.0" encoding="utf-8" ?>
<otrs_config version="1.0" init="Application">
    <ConfigItem Name="Frontend::Module###AgentFinance" Required="0" Valid="1">
        <Description Translatable="1">All parameters for the Finance object in the agent interface.</Description>
        <Group>Finance</Group>
        <SubGroup>Frontend::Agent::ModuleRegistration</SubGroup>
        <Setting>
            <FrontendModuleReg>
                <Description>Finance</Description>
                <NavBarName>Finance</NavBarName>
                <Title>Finance</Title>
                <Group>DevelopmentFinance</Group>
                <NavBar>
                    <Description>Finance</Description>
                    <Name>Finance</Name>
                    <Type>Menu</Type>
                    <Block>ItemArea</Block>
                    <Link>Action=AgentFinance</Link>
                    <NavBar>Finance</NavBar>
                    <AccessKey></AccessKey>
                    <Prio>5000</Prio>
                </NavBar>
                <NavBar>
                    <Description>Overview</Description>
                    <Name>Overview</Name>
                    <Link>Action=AgentFinance</Link>
                    <Type></Type>
                    <Block></Block>
                    <NavBar>Finance</NavBar>
                    <AccessKey></AccessKey>
                    <Prio>100</Prio>
                </NavBar>
                <NavBar>
                    <Description>New Opportunity</Description>
                    <Name>New</Name>
                    <Link>Action=AgentFinance;Subaction=New;Type=Opportunity</Link>
                    <Type></Type>
                    <Block></Block>
                    <NavBar>Finance</NavBar>
                    <AccessKey></AccessKey>
                    <Prio>200</Prio>
                </NavBar>
                <Loader>
                    <CSS>Finance.Agent.Default.css</CSS>
                    <CSS>Finance.Table.css</CSS>
                    <JavaScript>Core.Agent.CustomerSearch.js</JavaScript>
                    <JavaScript>Core.Agent.CustomerCompanySearch.js</JavaScript>
                    <JavaScript>Finance.Agent.Default.js</JavaScript>
                </Loader>
            </FrontendModuleReg>
        </Setting>
    </ConfigItem>
    <ConfigItem Name="Ticket::Frontend::MenuModule###460-Offer" Required="0" Valid="1">
        <Description Translatable="1">Module to show offer link in menu.</Description>
        <Group>Ticket</Group>
        <SubGroup>Frontend::Agent::Ticket::MenuModule</SubGroup>
        <Setting>
            <Hash>
                <Item Key="Module">Kernel::Output::HTML::TicketMenu::Generic</Item>
                <Item Key="Name">Opportunity</Item>
                <Item Key="Description">Create Opportunity</Item>
                <Item Key="Action">AgentFinance</Item>
                <Item Key="Link">Action=AgentFinance;Subaction=New;Type=Opportunity;Title=[% Data.Title | uri %];CustomerUserID=[% Data.CustomerUserID | uri %];TicketSales=[% Data.TicketNumber | uri %]</Item>
                <Item Key="Group">rw:DevelopmentFinance</Item>
            </Hash>
        </Setting>
    </ConfigItem>
    <ConfigItem Name="AutoComplete::Agent###CustomerCompanySearch" Required="0" Valid="1">
        <Description Translatable="1">Defines the config options for the autocompletion feature.</Description>
        <Group>Framework</Group>
        <SubGroup>Frontend::Agent</SubGroup>
        <Setting>
            <Hash>
                <Item Key="AutoCompleteActive">1</Item>
                <Item Key="MinQueryLength">2</Item>
                <Item Key="QueryDelay">100</Item>
                <Item Key="MaxResultsDisplayed">20</Item>
                <Item Key="ButtonText" Translatable="1">Search</Item>
            </Hash>
        </Setting>
    </ConfigItem>
    <ConfigItem Name="Frontend::Module###AgentCustomerCompanySearch" Required="0" Valid="1">
        <Description Translatable="1">Frontend module registration for the agent interface.</Description>
        <Group>Ticket</Group>
        <SubGroup>Frontend::Agent::ModuleRegistration</SubGroup>
        <Setting>
            <FrontendModuleReg>
                <Description>AgentCustomerCompanySearch</Description>
                <Title>AgentCustomerCompanySearch</Title>
                <NavBarName>Ticket</NavBarName>
            </FrontendModuleReg>
        </Setting>
    </ConfigItem>
    <ConfigItem Name="CustomerCompany::EventModulePost###110-UpdateFinanceEntries" Required="0" Valid="1">
        <Description Translatable="1">Event module that updates finance entries after an update of the Customer Company.</Description>
        <Group>Finance</Group>
        <SubGroup>Core::CustomerCompany</SubGroup>
        <Setting>
            <Hash>
                <Item Key="Module">Kernel::System::CustomerCompany::Event::FinanceEntryUpdate</Item>
                <Item Key="Event">CustomerCompanyUpdate</Item>
                <Item Key="Transaction">0</Item>
            </Hash>
        </Setting>
    </ConfigItem>
</otrs_config>
