<?xml version='1.0' encoding='utf-8'?>
<!DOCTYPE book PUBLIC "-//OASIS//DTD DocBook XML V4.4//EN"
    "http://www.oasis-open.org/docbook/xml/4.4/docbookx.dtd">

<book lang='en'>

<!-- ************************************** Head *********************************************** -->

<bookinfo>
<title>$Name</title>
<edition>$Description Version $Version</edition>

<copyright>
<year>$YearStamp</year>
<holder>$Vendor, $URL</holder>
</copyright>

<date>$DateStamp</date>

<legalnotice>
    <para>$License</para>
    <para>This work is copyrighted by $Vendor, Norsk-Data-Str. 1, 61352 Bad Homburg, Germany.</para>
    <para>Build Date: $DateStamp</para>
</legalnotice>

</bookinfo>

<!-- ************************************ Customer part ****************************************** -->

<preface id="preface" >
    <!-- ********** -->
    <!-- 1. Preface -->
    <!-- ********** -->
    <title>Preface</title>
    <!--
         A short overview for this modul clearly explained to customers!!!
         e.g. Provides an additional button to also insert FAQ richtext incl. inlines + attachments into tickets.
    -->
    <para>
        $Name adds the possibility of creating dynamic fields of type attachment.
    </para>
    <para>
        Fields of type DynamicFieldAttachment can store one or many files.
    </para>
    <para>
        If you have questions regarding this document or if you need further information, please
        log in to our customer portal at
        <ulink url="https://portal.otrs.com">portal.otrs.com</ulink>
        with your OTRS ID and create a ticket.
    </para>
    <para>
        You do not have an OTRS ID yet?
        <ulink url="https://portal.otrs.com/otrs/customer.pl#Signup">Register here for free.</ulink>
    </para>
</preface>

<chapter>
    <!-- *************** -->
    <!-- 2. Feature List -->
    <!-- *************** -->
    <title>Feature List</title>
    <!--
        List of all functions declared at the functional level
         -   minimum in 4 sentences
         -   customer-specific
         -   possible screenshots
         -   no OTRS terminology like TicketEventModul, PreApplicationModul
    -->
    <section>
        <title>Adding a dynamic field of type attachment</title>
        <para>
            This feature gives a configuration interface for creating or changing DynamicFieldAttachments.
        </para>
        <para>
            The same way as for other dynamic fields, the admin can create a dynamic field of type
            attachment visiting the the ADMIN -> TicketSettings -> Dynamic Fields.
        </para>
        <para>
            In there it's choosable if the field should be an "Article" or "Ticket" field.
        </para>
        <para>
            "Article" fields can hold attachments for each ticket article.
            Attachments stored in a "Article" DynamicFieldAttachment can just be downloaded,
            but not deleted or changed.
        </para>
        <para>
            Ticket fields can hold attachments for each ticket.
            Attachments stored in a "Ticket" DynamicFieldAttachment are stored once for each ticket
            and can be downloaded and deleted.
        </para>
        <para>
            As other dynamic fields, DynamicFieldAttachments have to have a unique "Name" consisting
            of just alphabetic or numeric characters.
        </para>
        <para>
            The "Label" for DynamicFieldAttachments can be freely chosen
            and will be shown as field title in the OTRS interface.
        </para>
        <para>
            The "Field order" allows the admin to set the DynamicFieldAttachments
            displaying position amongst the other dynamic fields.
        </para>
        <para>
            "Validity" has to be set to valid for all fields that are in use.
            Setting it to invalid will disable the field in all interfaces.
        </para>
        <para>
            "Maximum amount of attachments" is mandatory and holds the amount of files
            that can be stored in the DynamicFieldAttachment per ticket or article.
            Increasing this value enables the agents to add more files to one DynamicFieldAttachment.
            Reducing this amount does not delete attachments already stored in DynamicFieldAttachment fields,
            but reduces the possibility for adding files to the DynamicFieldAttachment field up to the configured maximum.
        </para>
        <para>
            "Maximum attachment size" is mandatory and holds the maximum filesize in MegaByte
            each uploaded file can have. If an agent is uploading a file
            greater than the here configured filesize, the file is accepted initially.
            As soon as the upload is done, the size is checked
            and the file gets deleted as well as the user informed
            that the file was not stored because it exceeded the the maximum attachment size limit.
        </para>
    </section>
    <section>
        <title>Configuring DynamicFieldAttachments to be visible in the agent interface</title>
        <para>
            As well as other dynamic fields, DynamicFields of type attachment
            have to be added to the parts of the interface where they should be shown.
        </para>
        <para>
            This can be done by admin users via going to ADMIN -> System Administration -> SysConfig
            and choosing "Ticket" on the select found on the left side.
        </para>
        <para>
            For every "Frontend" section the DynamicFieldAttachment should show up,
            the admin has to go into the configuration. Examples:
        </para>
        <para>
            Frontend::Agent::Ticket::ViewZoom for the regular ticket view.
        </para>
        <para>
            Frontend::Agent::Ticket::ViewPhoneNew for new phone tickets.
        </para>
        <para>
            Frontend::Agent::Ticket::ViewNote for the note section.
        </para>
        <para>
            In each of the "Frontend" configurations
            there is the point Ticket::Frontend::AgentTicketFrontendName###DynamicField.
            In there the admin has to add a value by clicking the + icon.
            Writing the name of the DynamicFieldAttachment into the "Key" section,
            1 on the "Content" side if the field should be shown or 2 on the "Content" side
            if an attachment in this field is mandatory.
        </para>
    </section>
</chapter>

<chapter>
    <!-- ******************** -->
    <!-- 3. System Reqirement -->
    <!-- ******************** -->
    <title>System Requirement</title>
    <section>
        <title>Framework</title>
        <para>The following OTRS framework is required:</para>
        <para>
        $Framework
        </para>
    </section>
    <section>
        <title>Packages</title>
        <para>The following package are required:</para>
        <para>
        $PackageRequired
        </para>
    </section>
    <section>
        <title>Operating System</title>
        <para>This package requires one of the following operating systems:</para>
        <para>
        $OS
        </para>
    </section>
    <section>
        <title>Third Party Software</title>
        <para>This third party software is required to use this package:</para>
        <para>
            <itemizedlist>
                <listitem><para>None.</para></listitem>
            </itemizedlist>
        </para>
    </section>
</chapter>

<chapter>
    <!-- *************** -->
    <!-- 4. Installation -->
    <!-- *************** -->
    <title>Installation</title>
    <para>The following instructions explain how to install the package.</para>
    <section>
        <title>Admin Interface</title>
        <para>
                    Please use the following URL to install the package utilizing the admin
                    interface (please note that you need to be in the admin group).
        </para>
        <para>
            <ulink url="http://localhost/otrs/index.pl?Action=AdminPackageManager">
                http://localhost/otrs/index.pl?Action=AdminPackageManager
            </ulink>
        </para>
    </section>
    <section>
        <title>Command Line</title>
        <para>
            Whenever you cannot use the Admin Interface for whatever reason, you may use the
            following command line tool ("bin/otrs.Console.pl Admin::Package::Install") instead.
        </para>
        <para>
            <screen>
    shell> bin/otrs.Console.pl Admin::Package::Install /path/to/$Name-$Version.opm
            </screen>
        </para>
    </section>
</chapter>

    <!-- **************** -->
    <!-- 5. Configuration -->
    <!-- **************** -->
<chapter>
    <title>Configuration</title>
    <para>The package can be configured via the SysConfig in the Admin Interface. The following configuration options are available:</para>
    <section>
        <title>DynamicFields::Driver###Attachment.</title>
        <para>Group: OTRSDynamicFieldAttachment, Subgroup: DynamicFields::Driver::Registration.</para>
        <para>DynamicField backend registration.</para>
    </section>
    <section>
        <title>Frontend::Module###AdminDynamicFieldAttachment.</title>
        <para>Group: OTRSDynamicFieldAttachment, Subgroup: Frontend::Admin::ModuleRegistration.</para>
        <para>Frontend module registration for the admin interface.</para>
    </section>
    <section>
        <title>Frontend::Module###AgentDynamicFieldAttachment.</title>
        <para>Group: OTRSDynamicFieldAttachment, Subgroup: Frontend::Agent::ModuleRegistration.</para>
        <para>Frontend module registration for the agent interface.</para>
    </section>
    <section>
        <title>CustomerFrontend::Module###CustomerDynamicFieldAttachment.</title>
        <para>Group: OTRSDynamicFieldAttachment, Subgroup: Frontend::Customer::ModuleRegistration.</para>
        <para>Frontend module registration for the customer interface.</para>
    </section>
    <section>
        <title>Loader::Agent::CommonJS###100-Framework.</title>
        <para>Group: OTRSDynamicFieldAttachment, Subgroup: Core::Web.</para>
        <para>List of JS files to always be loaded for the agent interface.</para>
    </section>
    <section>
        <title>Loader::Customer::CommonJS###100-Framework.</title>
        <para>Group: OTRSDynamicFieldAttachment, Subgroup: Core::Web.</para>
        <para>List of JS files to always be loaded for the customer interface.</para>
    </section>
    <section>
        <title>Frontend::Output::FilterElementPre###OutputFilterOTRSDynamicFieldAttachment.</title>
        <para>Group: OTRSDynamicFieldAttachment, Subgroup: OutputFilter.</para>
        <para>Output pre-filter to add javascript translation texts.</para>
    </section>
    <section>
        <title>DynamicFields::Extension::Backend###107-Attachment.</title>
        <para>Group: OTRSDynamicFieldAttachment, Subgroup: DynamicFields::Extension::Registration.</para>
        <para>Dynamic Fields Extension.</para>
    </section>
</chapter>

<chapter>
    <!-- ******** -->
    <!-- 6. Usage -->
    <!-- ******** -->
    <title>Usage</title>
    <!--
        Create for every "possible" use case a step by step list clearly explained to customers. Screenshots desirable-
        e.g.
        1.  Choose new phone ticket frontend ?
        2.  Fillup required data (subject)
        3.  Submit the data (have a look at screenshot)
        ...
    -->
    <section>
        <title>Post Installation Notes</title>
        <para>
            If the system where this package is installed uses mod_perl it is necessary to restart the
            web server in order to let mod_perl refresh the files and get the updates from this
            package.
        </para>
    </section>
    <section>
        <title>Uploading files to a DynamicFieldAttachment</title>
        <para>
            As soon as the DynamicFieldAttachment is configured in the desired frontends
            an admin or agent can create a new ticket,
            and if the DynamicFieldAttachment was configured for this interface, an upload section will appear.
        </para>
        <para>
            Now the admin or agent can add a file to the DynamicFieldAttachment
            by clicking the button on the left of the "Delete" button and selecting
            the file that should be uploaded.
        </para>
        <para>
            Different from the way attachments were handeled by otrs to now,
            the file won't get uploaded immediately. Instead a new upload field will be displayed
            as long as the configured maximum amount of attachments has not been reached.
        </para>
        <para>
            The admin or agent can now delete or add files
            until the necessary information for the ticket is entered and the "Submit" button is clicked.
            On "Submit" the files are getting uploaded.
            So please be patient if you upload larger files, which may take a while.
        </para>
        <para>
            If a file has exceeded the maximum attachment size for this DynamicFieldAttachment,
            all valid attachments will be stored, as well as a message will appear
            warning the admin or agent that the file or files
            exceeding the maximum attachment size were deleted.
            In this case the ticket will not be created
            as long as there was no clean submit with no size exceedings.
        </para>
        <para>
            Uploading multiple files with identical names to one DynamicFieldAttachment
            will result in an error notifying the admin or agent that this is not permitted.
        </para>
    </section>
    <section>
        <title>Downloading files of a DynamicFieldAttachment</title>
        <para>
            If a DynamicFieldAttachment has been configured to show up in "TicketZoom",
            and a file has been uploaded, the DynamicFieldAttachment will show up in the "TicketZoom" view.
        </para>
        <para>
            For Ticket DynamicFieldAttachments they regularly show up
            in the column on the right side. On the right side of the DynamicFieldAttachments "Label"
            there will be an icon showing a document symbol.
            Clicking on this icon pops up a small "Attachments" screen,
            showing all filenames as well as their size.
            Clicking on the filename will download the file.
        </para>
        <para>
            For Article DynamicFieldAttachments they will show up
            in header part of an article in the screen center.
            On the right side of the DynamicFieldAttachments "Label"
            there will be an icon showing a document symbol.
            Clicking on this icon pops up a small "Attachments" screen,
            showing all filenames as well as their size.
            Clicking on the filename will download the file.
        </para>
    </section>
    <section>
        <title>Deleting a file from a "Ticket" DynamicFieldAttachment</title>
        <para>
            If a "Ticket" DynamicFieldAttachment has been configured to show up in "FreeFields",
            it's containing files will be displayed in the "FreeFields" screen.
        </para>
        <para>
            In there the existing files can be deleted and new files can be added.
        </para>
        <para>
            File size is checked the same way as described in the
            "Uploading files to a DynamicFieldAttachment section".
        </para>
    </section>
    <section>
        <title>Searching for attachments in a DynamicFieldAttachment</title>
        <para>
            DynamicFieldAttachment just supports searching for the file names stored
            in a DynamicFieldAttachment.
        </para>
        <para>
            For Searching for DynamicFieldAttachments, these have to be configured for the
            ticket search mask. To do this, the admin has to visit
            ADMIN -> System Administration -> SysConfig
            and choose "Ticket" on the select found on the left side.
        </para>
        <para>
            In the following screen scroll down to
            "Ticket::Frontend::AgentTicketSearch###DynamicField".
            Here you have to add a line for every DynamicFieldAttachment you want to search for
            by clicking the "+" Icon. Add the DynamicFieldAttachment "Name"
            into the "Key" section as well as 1 on the "Content" side.
        </para>
        <para>
            As soon as this is done, the configured DynamicFieldAttachment can be added in the
            regular ticket search as well as the searched file name entered in the
            corresponding input field. Searching for filenames you can use the "*" charakter
            as wildcard.
        </para>
    </section>
</chapter>

<!-- ***************************************** Technical part ************************************ -->

<chapter>
    <!-- ********************************* -->
    <!-- 7. Technical Implematation Detail -->
    <!-- ********************************* -->
    <title>Technical Implementation Details</title>
    <!--
        Describe the technical structure of the module and the technical functioning out of a developer's perspective.
            -   Which module layers are used where/as?
            -   What are the technical features of it?
    -->
    <para>
        This module is mostly capsulated. The only system specific file that gets replaced is
        Kernel/Output/HTML/Standard/Footer.dtl in order to include the translation of the delete button.
    </para>
    <para>
        This module uses VirtualFS as storage backend for the files in DynamicFieldAttachments.
        Make sure to configure the VirtualFS storage backend of your choice before configuring
        DynamicFieldAttachments.
    </para>
    <!--
OK, so far for the users and now for the developers underneath us:
Functionality:
    - For every DynamicFieldAttachment displayed for uploading,
        the system generates a hidden parameter called DynamicField_${Fieldname}UID

        If a user uploads files and submits, this UID is used as the FormID parameter to store
        the files of exactly this one DynamicFieldAttachment's file in the upload cache.

        On erroneous submits, the UID is reused and reinserted in the upload form.

        If no UID got submitted we assume it's a request for a new ticket or change of
        stored values, not a resubmit caused by an error. In this case the UID is generated freshly.

    - There is one module that leaves the path of a regular DynamicField Backend scope. This module is
        Kernel/Modules/AgentDynamicFieldAttachment.pm. It takes care of actual download requests,
        checks if the demanding user has the rights to view this ticket and gets the DynamicField
        value with an additional flag "Download" set to 1 in order to not just retrieve the file info
        but the actual binary file and its meta info.


    - Additionally the Javascript Class var/httpd/htdocs/js/Core.Agent.DynamicField.Attachment.js is
        loaded globally. It takes care of adding upload inputs
        up to the maximum allowed files for one DynamicFieldAttachment,
        as well as deleting inputs. It keeps the input type file fields in order starting count at 0
        and going up to the max amount. The functions in there may be integrated into Core.Agent.TicketAction.js
        because they are just needed in interfaces where Core.Agent.TicketAction.js is already loaded.

    - There are two more difficult parts in this package. The first is the handling of 3 sources
        where DynamicFieldAttachment files can be located. Ordered by the way they're coming in, these are:
        1. ParamObject. Files that just got uploaded are found here. 2. the Upload Cache.
        Files that got validated are found here. 3. The VirtualFS. Sucessfully stored files are found here.

        For displaying an editable DynamicFieldAttachment these sources are processed starting with
        files in the VirtualFS continuing with files in the "ParamObject" and finally adding files that
        were submitted with this request.

        The second dificult or tricky part is in "ZoomView" when displaying DynamicFieldAttachments for
        downloading files. DynamicFieldAttachments for tickets need their Javascript binding functionality
        for displaying file links as on_document_complete whereas DynamicFieldAttachments for articles
        need their javascript bindings as on_document_complete only if they were displayed by a regular
        page web request. If articles got displayed by javascript call (e.g. "ZoomView" is open and
        a user clicks on another article than the currently displayed one), javascript code has
        to be delivered inline.

        To distinguish between these two different calls Kernel/System/DynamicField/Backend/Attachment.pm
        has to go up the calling chain for 3 layers. In the third layer there is the difference.
        If it was a javascript call the third caller is Kernel::System::Web::InterfaceAgent, anything else
        are regular page-loads.
-->
</chapter>
<chapter>
    <!-- *********** -->
    <!-- 8. Filelist -->
    <!-- *********** -->
    <title>Filelist</title>
    <!-- Standard text. Don't change this -->
    <para>This list shows all included files and the referring permissions.</para>
    <para>
       $Filelist
    </para>
</chapter>

<chapter>
    <!-- ******* -->
    <!-- 9. Test -->
    <!-- ******* -->
    <title>Tests</title>
    <para>This module has been tested on the current state of the art in quality.</para>
    <section>
        <title>Testcases</title>
        <para>
                <!-- Reference to point 6.x and document the results -->
            To tests this package please follow the examples described in the Usage section, all the
            tests cases should return the expected results defined at the beginning of each example.
        </para>
    </section>
    <section>
        <title>Unit Test</title>
        <para>
            To ensure the quality of the module, several so-called unit tests were created, to test
            the functionalities of this module. These unit tests can be run via command line.
        </para>
        <para>
            ATTENTION: Please never run unit tests on a productive system, since the added test
            data to the system will no longer be removed. Always use a test system.
        </para>
        <para>Selenium tests</para>
        <para>
            To run the Selenium unit tests, make sure you have a complete Selenium environment setup in your Kernel/Config.pm file and a running a WebDriver.
        </para>
        <para>Run the package specific unit tests</para>
        <para>
            To run only the unit test which will be delivered with this package, use the following
            command on the command line (example):
        </para>
        <para>
            <screen>
shell> perl bin/otrs.Console.pl Dev::UnitTest::Run -test Selenium/Agent/Admin/AdminAttachment
            </screen>
        </para>
        <para>Run all available unit tests</para>
        <para>
            To run all available unit tests, use the following command on the command line:
        </para>
        <para>
            <screen>shell> perl bin/otrs.Console.pl Dev::UnitTest::Run</screen>
        </para>
    </section>
</chapter>

<chapter>
    <!-- ************* -->
    <!-- 10. Changelog -->
    <!-- ************* -->
    <title>ChangeLog</title>
    <para>
    $ChangeLog
    </para>
</chapter>

</book>
