<?xml version='1.0' encoding='utf-8'?>
<!DOCTYPE book PUBLIC "-//OASIS//DTD DocBook XML V4.4//EN"
    "http://www.oasis-open.org/docbook/xml/4.4/docbookx.dtd">

<book lang='de'>

<!-- ************************************** Head *********************************************** -->

<bookinfo>
<title>$Name</title>
<edition>$Description Version $Version</edition>

<copyright>
<year>$YearStamp</year>
<holder>$Vendor, $URL</holder>
</copyright>

<date>$DateStamp</date>

<legalnotice>
    <para>$License</para>
    <para>This work is copyrighted by $Vendor, Norsk-Data-Str. 1, 61352 Bad Homburg, Germany.</para>
    <para>Build Date: $DateStamp</para>
</legalnotice>

</bookinfo>

<!-- ************************************ Customer part ****************************************** -->

<preface id="preface" >
    <!-- ********** -->
    <!-- 1. Preface -->
    <!-- ********** -->
    <title>Vorwort</title>
    <!--
         A short overview for this modul clearly explained to customers!!!
         e.g. Provides an additional button to also insert FAQ richtext incl. inlines + attachments into tickets.
    -->
    <para>
        Dieses Paket bietet die Möglichkeit die Zielzeit bis zur Erinnerung mit der letzten Zielzeit die der Agent gesetzt hat vorzubefüllen (inbegriffen sind Zielzeit, Status, Betreff und Text).
    </para>
</preface>

<chapter>
    <!-- *************** -->
    <!-- 2. Feature List -->
    <!-- *************** -->
    <title>Funktionsliste</title>
    <!--
        List of all functions declared at the functional level
         -   minimum in 4 sentences
         -   customer-specific
         -   possible screenshots
         -   no OTRS terminology like TicketEventModul, PreApplicationModul
    -->
    <section>
        <title>Vorbefüllung der Informationen im Warten-Dialog</title>
        <para>
            Beim öffnen des Warten-Dialog werden durch diese Funktionalität, die Felder mit den Informationen aus der letzten gesetzten Zielzeit des Agenten vorbefüllt. Es werden dabei folgende Felder aus dem letzten Eintrag ermittelt und im Warten-Dialog vorbefüllt:
            <itemizedlist mark="round">
                <listitem>
                    <para>
                        Zielzeit (Erinnerungszeitpunkt)
                    </para>
                </listitem>
                <listitem>
                    <para>
                        Status
                    </para>
                </listitem>
                <listitem>
                    <para>
                        Betreff
                    </para>
                </listitem>
                <listitem>
                    <para>
                        Text (der Text wird nur vorbefüllt, wenn dieser aus einer internen Notiz stammt, zum Beispiel aus dem AgentTicketPending Fenster)
                    </para>
                </listitem>
            </itemizedlist>
            Die Funktionalität greift nur, wenn die Zielzeit noch nicht abgelaufen ist, andererseits werden die standardmässigen Default-Werte gesetzt.
        </para>
    </section>
</chapter>

<chapter>
    <!-- ******************** -->
    <!-- 3. System Reqirement -->
    <!-- ******************** -->
    <title>Systemvoraussetzung</title>
    <section>
        <title>Framework</title>
        <para>Das folgende OTRS Framework wird benötigt</para>
        <para>
        $Framework
        </para>
    </section>
    <section>
        <title>Packages</title>
        <para>Die folgenden Pakete werden benötigt:</para>
        <para>
        $PackageRequired
        </para>
    </section>
    <section>
        <title>Betriebssystem</title>
        <para>Das Paket kann mit folgenden Betriebssystemen verwendet werden:</para>
        <para>
        $OS
        </para>
    </section>
    <section>
        <title>Software von Drittanbietern</title>
        <para>Folgende Software wird für die Benutzung dieses Pakets benötigt:</para>
        <para>
            <itemizedlist>
                <listitem><para>None.</para></listitem>
            </itemizedlist>
        </para>
    </section>
</chapter>

<chapter>
    <!-- *************** -->
    <!-- 4. Installation -->
    <!-- *************** -->
    <title>Installation</title>
    <para>Die folgenden Anweisungen zeigen wie man das Paket installiert. Es gibt grundsätzlich zwei Möglichkeiten.
        Entweder über das Admin-Interface oder über die System-Eingabe.</para>
    <section>
        <title>Admin Interface</title>
        <para>
            Über die folgende URL kann das Paket über das Admin-Interface installiert bzw. wenn nötig auch aktualisiert
            oder deinstalliert werden (bitte vorher prüfen ob der Benutzer auch in der Admin-Gruppe ist):
        </para>
        <para>
            <ulink url="http://localhost/otrs/index.pl?Action=AdminPackageManager">
                http://localhost/otrs/index.pl?Action=AdminPackageManager
            </ulink>
        </para>
    </section>
    <section>
        <title>Kommandozeile</title>
        <para>
            Ist es nicht möglich das Admin-Interface zu benutzen, kann das folgende
            Kommandozeilen-Tool ("bin/otrs.Console.pl Admin::Package::Install") benutzt werden.
        </para>
        <para>
        <screen>
shell> bin/otrs.Console.pl Admin::Package::Install /path/to/$Name-$Version.opm
        </screen>
        </para>
    </section>
</chapter>

<chapter>
    <!-- **************** -->
    <!-- 5. Configuration -->
    <!-- **************** -->
    <title>Konfiguration</title>
    <para>
        Für dieses Packet sind keine Konfigurationen erforderlich.
    </para>
</chapter>

<chapter>
    <!-- ******** -->
    <!-- 6. Usage -->
    <!-- ******** -->
    <title>Bedienung</title>
    <!--
        Create for every "possible" use case a step by step list clearly explained to customers. Screenshots desirable-
        e.g.
        1.  Choose new phone ticket frontend ?
        2.  Fillup required data (subject)
        3.  Submit the data (have a look at screenshot)
        ...
    -->
    <section>
        <title>Vorbefüllung des Warten-Dialog</title>
        <para>
            Nachdem das Paket installiert wurde, ist die Funktionalität automatisch beim öffnen des Warten-Dialog integriert. Sollte eine noch nicht abgelaufe Zielzeit definiert sein, wird der Warten-Dialog mit den Informationen aus dem Eintrag der letzten Zielzeit vorbefüllt.
        </para>
    </section>
    <section>
        <title>Anwendungsfallbeispiel</title>
        <para>
            Bei einem Ticket wird vom Agenten ein Status vom Typ "Warten" mit entsprechendem Erinnerungszeitpunkt gesetzt.
            <mediaobject>
                <imageobject>
                    <imagedata scalefit="1" width="100%" contentdepth="100%" fileref="screenshots/warten-dialog.jpg" format="JPG"/>
                </imageobject>
            </mediaobject>
        </para>
        <para>
            Am Ticket ist nun der Erinnerungszeitpunkt hinterlegt.
            <mediaobject>
                <imageobject>
                    <imagedata scalefit="1" width="100%" contentdepth="100%" fileref="screenshots/ticket-informationen-warten.jpg" format="JPG"/>
                </imageobject>
            </mediaobject>
            Bevor die Zielzeit für die Erinnerung erreicht wurde, kommt nun vom Kunden eine neue Antwort zum Ticket. Dadurch wird die gesetzte Erinnerungszeit entfernt.
            <mediaobject>
                <imageobject>
                    <imagedata scalefit="1" width="100%" contentdepth="100%" fileref="screenshots/ticket-ansicht-kundenantwort.jpg" format="JPG"/>
                </imageobject>
            </mediaobject>
        </para>
        <para>
            Durch die Funktionalität des Pakets kann der Agent nun über den Warten-Dialog die letzte gesetzte Erinnerungszeit wiederherstellen. Dabei werden beim öffnen des Warten-Dialog die Felder mit den Informationen aus dem letzten Eintrag mit einer Erinnerungszeit vorbefüllt.
            <mediaobject>
                <imageobject>
                    <imagedata scalefit="1" width="100%" contentdepth="100%" fileref="screenshots/warten-dialog-vorbefuellt.jpg" format="JPG"/>
                </imageobject>
            </mediaobject>
        </para>
    </section>
    <section>
        <title>Besonderheiten</title>
        <para>
            Es gibt mehrere Möglichkeiten eine Erinnerungszeit zu setzen, die Vorbefüllung ist aktuell nur für den Warten-Dialog vorgesehen. Daher wird der Text nur vorbefüllt, sollte dieser aus einer internen Notiz stammen, zum Beispiel aus dem AgentTicketPending Fenster.
        </para>
    </section>
</chapter>

<!-- ***************************************** Technical part ************************************ -->

<chapter>
    <!-- ********************************* -->
    <!-- 7. Technical Implementation Detail -->
    <!-- ********************************* -->
    <title>Details zur technischen Umsetzung</title>
    <!--
        Describe the technical structure of the module and the technical functioning out of a developer's perspective.
            -   Which module layers are used where/as?
            -   What are the technical features of it?
        You can split the technical part into a customer part shown in the doku
        and a hidden part shown in the code.
    -->
    <para>
        Dieses Modul enthält eine angepasste Versionen des Frontent Perlmodul AgentTicketActionCommon. Durch die
        Änderungen dieser Datei werden bestehende Dateien auf dem System allerdings nicht ersetzt. Sollten hier
        Kollisionen mit bestehenden Änderungen auftreten, sagen Sie uns gerne Bescheid. Sie finden die Kontaktinformation
        auf der letzten Seite.
    </para>
    <para>
        Datei: Custom/Kernel/Modules/AgentTicketCompose.pm
        Änderung: Aus der Historie werden die Informationen für die Vorbefüllung des AgentTicketPending ermittelt und als Default gesetzt.
    </para>
</chapter>

<chapter>
    <!-- *********** -->
    <!-- 8. Filelist -->
    <!-- *********** -->
    <title>Dateiliste</title>
    <!-- Standard text. Don't change this -->
    <para>Diese Liste führt alle im Paket befindlichen Dateinamen mit Rechten auf.</para>
    <para>
       $Filelist
    </para>
</chapter>

<chapter>
    <!-- ******* -->
    <!-- 9. Test -->
    <!-- ******* -->
    <title>Tests</title>
    <para>Die Qualität des Modules wurde auf dem heutigen Stand der Technik getestet.</para>
    <section>
        <title>Testcases</title>
        <para>
            <!-- Reference to point 6.x and document the results -->
            Um dieses Modul zu testen folgen Sie bitten dem Anwendungsfallbeispiel aus dem Abschnitt "Bedienung".
        </para>
    </section>
    <section>
        <title>Unit Test</title>
        <para>
            Für dieses Paket stehen keine Unit Tests zur Verfügung.
        </para>
    </section>
</chapter>

<chapter>
    <!-- ************* -->
    <!-- 10. Changelog -->
    <!-- ************* -->
    <title>Änderungsliste</title>
    <para>
    $ChangeLog
    </para>
</chapter>

</book>
