<?xml version='1.0' encoding='utf-8'?>
<!DOCTYPE book PUBLIC "-//OASIS//DTD DocBook XML V4.4//EN"
    "http://www.oasis-open.org/docbook/xml/4.4/docbookx.dtd">

<book lang="en">

<!--
************************************** Head ***********************************************
-->
<bookinfo>
    <title>$Name</title>
    <edition>$Description Version $Version</edition>
    <copyright>
        <year>$YearStamp</year>
        <holder>$Vendor, $URL</holder>
    </copyright>
    <date>$DateStamp</date>
    <legalnotice>
        <para>$License</para>
        <para>
            This work is copyrighted by $Vendor, Norsk-Data-Str. 1, 61352 Bad Homburg, Germany.
        </para>
        <para>Build Date: $DateStamp</para>
    </legalnotice>
</bookinfo>

<!--
************************************ Customer part ******************************************
-->

<!-- ********** -->
<!-- 1. Preface -->
<!-- ********** -->
<preface id="preface">
    <title>Preface</title>
    <para>
        This package adds massive mail (Sales Campaign) functionality to internal OTRS portal.
    </para>
</preface>

<chapter>
    <title>Installation</title>
    <para>
        The following instructions explain how to install the package.
    </para>
    <section>
        <title>Admin Interface</title>
        <para>
            Please use the following URL to install the package utilizing the Admin Interface
            (please note that you need to be in the "admin" group).
        </para>
        <para>
            <ulink url="http://localhost/otrs/index.pl?Action=AdminPackageManager">
                http://localhost/otrs/index.pl?Action=AdminPackageManager
            </ulink>
        </para>
    </section>
    <section>
        <title>Command Line</title>
        <para>
            Whenever you cannot use the Admin Interface for whatever reason, you may use the
            following command line tool ("bin/otrs.Console.pl Admin::Package::Install") instead.
        </para>
        <para>
            <screen>
shell> bin/otrs.Console.pl Admin::Package::Install /path/to/$Name-$Version.opm
            </screen>
        </para>
    </section>
</chapter>

<!-- **************** -->
<!-- 5. Configuration -->
<!-- **************** -->
<chapter>
    <title>Configuration</title>
    <para>The package can be configured via the SysConfig in the Admin Interface. The following configuration options are available:</para>
    <section>
        <title>Frontend::Module###AgentCampain.</title>
        <para>Group: Campaign, Subgroup: Frontend::Agent::ModuleRegistration.</para>
        <para>Ticket campaign.</para>
    </section>
</chapter>


<!-- ******** -->
<!-- 6. Usage -->
<!-- ******** -->
<chapter>
    <title>Usage</title>
    <section>
        <title>Create Campaign</title>
        <para>
            The format of the CSV is as follows:
        </para>
        <para>
                Salutation;CustomerName;EmailAdress;Cc;OwnerUserLogin.
        </para>
        <para>
            Example:
                Mr.;Max Mustermann;Customer1@otrs.com;Customer1@example.com;OwnerLogin
        </para>
        <para>Note: The Login has to be a valid UserLogin in the system.</para>
    </section>
</chapter>

<!--
***************************************** Technical part ************************************
-->

<!-- ********************************* -->
<!-- 7. Technical Implementation Detail -->
<!-- ********************************* -->
<!--
<chapter>
    <title>Technical Implementation Details</title>
    <para>
        .
    </para>
</chapter>
-->

<!-- *********** -->
<!-- 8. Filelist -->
<!-- *********** -->
<chapter>
    <title>File list</title>
    <para>This list shows all included files and the referring permissions.</para>
    <para>$Filelist</para>
</chapter>

<!-- ******* -->
<!-- 9. Test -->
<!-- ******* -->
<chapter>
    <title>Tests</title>
    <para>This module has been tested on the current state of the art in quality.</para>
    <section>
        <title>Test Cases</title>
        <para>
            To tests this package please follow the examples described in the Usage section, all the
            tests cases should return the expected results defined at the beginning of each example.
        </para>
    </section>
</chapter>

<!-- ************* -->
<!-- 10. Changelog -->
<!-- ************* -->
<chapter>
    <title>Change Log</title>
    <para>$ChangeLog</para>
</chapter>

</book>
