<?xml version="1.0" encoding="iso-8859-1" ?>
<otrs_config version="1.0" init="Application">
    <ConfigItem Name="Frontend::Module###AgentCampain" Required="0" Valid="1">
        <Description Translatable="1">Ticket campaign.</Description>
        <Group>Campaign</Group>
        <SubGroup>Frontend::Agent::ModuleRegistration</SubGroup>
        <Setting>
            <FrontendModuleReg>
                <Description>Ticket Campaigns</Description>
                <NavBarName>Ticket</NavBarName>
                <Title>Ticket Campaigns</Title>
                <NavBar>
                    <Description>Ticket Campaigns</Description>
                    <Name>Ticket Campaigns</Name>
                    <Link>Action=AgentCampain</Link>
                    <NavBar>Ticket</NavBar>
                    <Type></Type>
                    <Prio>170</Prio>
                    <AccessKey></AccessKey>
                    <Block></Block>
                </NavBar>
            </FrontendModuleReg>
        </Setting>
    </ConfigItem>
</otrs_config>
