<?xml version='1.0' encoding='utf-8'?>
<!DOCTYPE book PUBLIC "-//OASIS//DTD DocBook XML V4.4//EN"
    "http://www.oasis-open.org/docbook/xml/4.4/docbookx.dtd">

<book lang='en'>

<!-- ************************************** Head *********************************************** -->

<bookinfo>
<title>$Name</title>
<edition>$Description Version $Version</edition>

<copyright>
<year>$YearStamp</year>
<holder>$Vendor, $URL</holder>
</copyright>

<date>$DateStamp</date>

<legalnotice>
    <para>$License</para>
    <para>This work is copyrighted by $Vendor, Norsk-Data-Str. 1, 61352 Bad Homburg, Germany.</para>
    <para>Build Date: $DateStamp</para>
</legalnotice>

</bookinfo>

<!-- *********************************** Customer part ***************************************** -->

<preface id="preface" >
    <!-- ********** -->
    <!-- 1. Preface -->
    <!-- ********** -->
    <title>Preface</title>
    <!--
         A short overview for this module clearly explained to customers!!!
         e.g. Provides an additional button to also insert FAQ richtext incl. inlines + attachments
         into tickets.
    -->
    <para>
        This package provides the functionality to preselect the target time for pending reminder
        with the last target time (including time, status, title and text) set by the agent.
    </para>
</preface>

<chapter>
    <!-- *************** -->
    <!-- 2. Feature List -->
    <!-- *************** -->
    <title>Feature List</title>
    <!--
        List of all functions declared at the functional level
         -   minimum in 4 sentences
         -   customer-specific
         -   possible screen-shots
         -   no OTRS terminology like TicketEventModul, PreApplicationModul
    -->
    <section>
        <title>Prefill the ticket pending pop-up screen</title>
        <para>
            On opening the ticket pending pop-up screen the functionality prefills the fields with
            the restored information from the last pending reminder set by the agent. This includes
            the following fields, which are prefilled in the ticket pending pop-up screen:
            <itemizedlist mark="round">
                <listitem>
                    <para>
                        Pending date
                    </para>
                </listitem>
                <listitem>
                    <para>
                        State
                    </para>
                </listitem>
                <listitem>
                    <para>
                        Title
                    </para>
                </listitem>
                <listitem>
                    <para>
                        Text (only prefill, if the text comes from a note article, for example
                        created by the AgentTicketPending pop-up screen)
                    </para>
                </listitem>
            </itemizedlist>
            The functionality works only, when the target time is not expired, then the standard
            functionality sets the usual default values.
        </para>
    </section>
</chapter>

<chapter>
    <!-- ********************** -->
    <!-- 3. System Requirements -->
    <!-- ********************** -->
    <title>System Requirements</title>
    <section>
        <title>Framework</title>
        <para>The following OTRS framework is required:</para>
        <para>
        $Framework
        </para>
    </section>
    <section>
        <title>Packages</title>
        <para>The following packages are required:</para>
        <para>
        $PackageRequired
        </para>
    </section>
    <section>
        <title>Operating System</title>
        <para>This package requires one of the following operating systems:</para>
        <para>
        $OS
        </para>
    </section>
    <section>
        <title>Third Party Software</title>
        <para>This third party software is required to use this package:</para>
        <para>
            <itemizedlist>
                <listitem><para>None.</para></listitem>
            </itemizedlist>
        </para>
    </section>
</chapter>

<chapter>
    <!-- *************** -->
    <!-- 4. Installation -->
    <!-- *************** -->
    <title>Installation</title>
    <para>The following instructions explain how to install the package.</para>
    <section>
        <title>Admin Interface</title>
        <para>
            Please use the following URL to install the package utilizing the admin
            interface (please note that you need to be in the admin group).
        </para>
        <para>
            <ulink url="http://localhost/otrs/index.pl?Action=AdminPackageManager">
                http://localhost/otrs/index.pl?Action=AdminPackageManager
            </ulink>
        </para>
    </section>
    <section>
        <title>Command Line</title>
        <para>
            Whenever you cannot use the Admin Interface for whatever reason, you may use the
            following command line tool ("bin/otrs.Console.pl Admin::Package::Install") instead.
        </para>
        <para>
        <screen>
shell> bin/otrs.Console.pl Admin::Package::Install /path/to/$Name-$Version.opm
        </screen>
        </para>
    </section>
</chapter>

<chapter>
    <!-- **************** -->
    <!-- 5. Configuration -->
    <!-- **************** -->
    <!-- You can build this chapter by running module-tools/Config2Docbook.pl -->
    <title>Configuration</title>
    <para>
        For this package no configurations are required.
    </para>
</chapter>

<chapter>
    <!-- ******** -->
    <!-- 6. Usage -->
    <!-- ******** -->
    <title>Usage</title>
    <!--
        Create for every "possible" use case a step by step list clearly explained to customers.
        Screen-shots desirable e.g.
        1.  Choose new phone ticket frontend ?
        2.  Fill-up required data (subject)
        3.  Submit the data (have a look at screen-shot)
        ...
    -->
    <section>
        <title>Prefill the ticket pending pop-up screen</title>
        <para>
            After the installation of this package, the functionality is automatically integrated
            in the ticket pending pop-up screen. If there was an unexpired pending time set before,
            the ticket pending pop-up screen is prefilled with the informations of the last action
            where the pending time was set.
        </para>
    </section>
    <section>
        <title>Use Case Example</title>
        <para>
            The agent sets a state from the type "pending" with a pending time and other
            information (e.g. subject and text) in the ticket.
            <mediaobject>
                <imageobject>
                    <imagedata scalefit="1" width="100%" contentdepth="100%" fileref="screenshots/pending-window.jpg" format="JPG"/>
                </imageobject>
            </mediaobject>
        </para>
        <para>
            In the ticket information the pending time is stored now.
            <mediaobject>
                <imageobject>
                    <imagedata scalefit="1" width="100%" contentdepth="100%" fileref="screenshots/ticket-information.jpg" format="JPG"/>
                </imageobject>
            </mediaobject>
            Before the pending time is expired, a incoming customer communication (e.g. customer
            answers with "thanks") resets the pending time.
            <mediaobject>
                <imageobject>
                    <imagedata scalefit="1" width="100%" contentdepth="100%" fileref="screenshots/ticket-customer-answer.jpg" format="JPG"/>
                </imageobject>
            </mediaobject>
        </para>
        <para>
            With the functionality of this package the agent is able to restore the pending time
            within the ticket pending pop-up screen easily. In this case, when the agent opens the
            ticket pending pop-up the fields are prefilled with the information from the last entry
            which sat a pending time.
            <mediaobject>
                <imageobject>
                    <imagedata scalefit="1" width="100%" contentdepth="100%" fileref="screenshots/pending-window-prefill.jpg" format="JPG"/>
                </imageobject>
            </mediaobject>
        </para>
    </section>
    <section>
        <title>Specifics</title>
        <para>
            There are several options to set a pending time, but the prefill functionality is only
            integrated in the ticket pending pop-up screen. The text field is only prefilled from
            note articles, since this is the type of article the pending screen creates.
        </para>
    </section>
</chapter>

<!-- **************************************** Technical part *********************************** -->

<chapter>
    <!-- ********************************* -->
    <!-- 7. Technical Implementation Detail -->
    <!-- ********************************* -->
    <title>Technical Implementation Details</title>
    <!--
        Describe the technical structure of the module and the technical functioning out of a
        developer's perspective.
            -   Which module layers are used where/as?
            -   What are the technical features of it?
        You can split the technical part into a customer part shown in the documentation
        and a hidden part shown in the code.
    -->
    <para>
        This module uses a customized version of the frontend Perl module AgentTicketActionCommon.
    </para>
    <para>
        File: Custom/Kernel/Modules/AgentTicketActionCommon.pm
        Modification: The default values will be set by the restored pending information from the
        history for the AgentTicketPending screen.
    </para>
</chapter>

<chapter>
    <!-- ************ -->
    <!-- 8. File list -->
    <!-- ************ -->
    <title>File List</title>
    <!-- Standard text. Don't change this -->
    <para>This list shows all included files and the referring permissions.</para>
    <para>
       $Filelist
    </para>
</chapter>

<chapter>
    <!-- ******* -->
    <!-- 9. Test -->
    <!-- ******* -->
    <title>Tests</title>
    <para>This module has been tested on the current state of the art in quality.</para>
    <section>
        <title>Test Cases</title>
        <para>
            <!-- Reference to point 6.x and document the results -->
            To tests this package please follow the examples described in the Usage section "Use
            Case Example".
        </para>
    </section>
    <section>
        <title>Unit tests</title>
        <!--
            If core files included in this package, there must be covered by unit tests and will be
            tested.
            If the packet contains no "core files", this point 9.2 can be removed.
        -->
        <para>
            For this package there are no unit tests available.
        </para>
    </section>
</chapter>

<chapter>
    <!-- ************** -->
    <!-- 10. Change log -->
    <!-- ************** -->
    <title>Change Log</title>
    <para>
    $ChangeLog
    </para>
</chapter>

</book>
