<?xml version='1.0' encoding='utf-8'?>
<!DOCTYPE book PUBLIC "-//OASIS//DTD DocBook XML V4.4//EN"
    "http://www.oasis-open.org/docbook/xml/4.4/docbookx.dtd">

<book lang='de'>

<!-- ************************************** Head *********************************************** -->

<bookinfo>
<title>$Name</title>
<edition>$Description Version $Version</edition>

<copyright>
<year>$YearStamp</year>
<holder>$Vendor, $URL</holder>
</copyright>

<date>$DateStamp</date>

<legalnotice>
    <para>$License</para>
    <para>This work is copyrighted by $Vendor, Norsk-Data-Str. 1, 61352 Bad Homburg, Germany.</para>
    <para>Build Date: $DateStamp</para>
</legalnotice>

</bookinfo>

<!-- ************************************ Customer part ****************************************** -->

<preface id="preface" >
    <!-- ********** -->
    <!-- 1. Preface -->
    <!-- ********** -->
    <title>Vorwort</title>
    <para>
        Mit Hilfe dieses Moduls wird eine zusätzliche benutzerdefinierte ConfigItem-Suche bereitgestellt.
        Hauptanwendungsfall ist die Suche nach dem Besitzer eines ConfigItems über mehrere CI-Klassen.
        Es soll zum Beispiel bei einem Mitarbeiterwechsel ermittelt werden können welche ConfigItems einem bisherigen Mitarbeiter zugeordnet waren.
    </para>
    <para>
        If you have questions regarding this document or if you need further information, please log in to our customer portal at portal.otrs.com with your OTRS ID and create a ticket.
        You do not have an OTRS ID yet? Register
        <ulink url="https://portal.otrs.com/otrs/customer.pl#Signup">here for free</ulink>.
    </para>
</preface>

<chapter>
    <!-- *************** -->
    <!-- 2. Feature List -->
    <!-- *************** -->
    <title>Funktionsliste</title>
    <sect1>
        <title>Benutzerdefinierte ConfigItem Suche</title>
        <para>
            Mit Hilfe dieses Moduls wird im Hauptmenü "CMDB" ein weiterer Menü-Punkt "Suche (Benutzerdefiniert)" bereitgestellt.
            Diese Suche ermöglicht es über CI-Klassengrenzen hinweg nach CIs zu suchen die alle den gleichen Besitzer haben.
            Die Suche kann weiterhin auf bestimmte CI-Klassen eingeschränkt werden, als Standardeinstellung sind alle CI-Klassen vorausgewählt.
            Optional können weitere Einschränkungen auf einen bestimmten Verwendungs- oder Vorfallstatus vorgenommen werden.
            Im Suchfeld "Besitzer" kann ein Besitzer eingegeben werden, somit werden nur CIs gefunden die ebenfalls diesem Besitzer zugeordnet sind.
        </para>
    </sect1>
</chapter>

<chapter>
    <!-- ******************** -->
    <!-- 3. System Reqirement -->
    <!-- ******************** -->
    <title>Systemvoraussetzung</title>
    <sect1>
        <title>Framework</title>
        <para>Das folgende OTRS Framework wird benötigt</para>
        <para>
        $Framework
        </para>
    </sect1>
    <sect1>
        <title>Packages</title>
        <para>Die folgenden Pakete werden benötigt:</para>
        <para>
        $PackageRequired
        </para>
    </sect1>
    <sect1>
        <title>Betriebssystem</title>
        <para>Das Paket erfordert eines der folgenden Betriebssysteme:</para>
        <para>
        $OS
        </para>
    </sect1>
    <sect1>
        <title>Software von Drittanbietern</title>
        <para>Folgende Software wird für die Benutzung dieses Pakets benötigt:</para>
        <para>
            <itemizedlist>
                <listitem><para>Keine.</para></listitem>
            </itemizedlist>
        </para>
    </sect1>
</chapter>

<chapter>
    <!-- *************** -->
    <!-- 4. Installation -->
    <!-- *************** -->
    <title>Installation</title>
    <para>Die folgenden Anweisungen zeigen wie man das Paket installiert. Es gibt grundsätzlich zwei Möglichkeiten.
        Entweder über das Admin-Interface oder über die System-Eingabe.</para>
    <sect1>
        <title>Admin Interface</title>
        <para>
            Über die folgende URL kann das Paket über das Admin-Interface installiert bzw. wenn nötig auch aktualisiert
            oder deinstalliert werden (bitte vorher prüfen ob der Benutzer auch in der Admin-Gruppe ist):
        </para>
        <para>
            <ulink url="http://localhost/otrs/index.pl?Action=AdminPackageManager">
                http://localhost/otrs/index.pl?Action=AdminPackageManager
            </ulink>
        </para>
    </sect1>
    <sect1>
        <title>Kommandozeile</title>
        <para>
            Ist es nicht möglich das Admin-Interface zu benutzen, kann das folgende
            Kommandozeilen-Tool ("bin/otrs.Console.pl Admin::Package::Install") benutzt werden.
        </para>
        <para>
        <screen>
shell> bin/otrs.Console.pl Admin::Package::Install /path/to/$Name-$Version.opm
        </screen>
        </para>
    </sect1>
</chapter>

<chapter>
    <!-- **************** -->
    <!-- 5. Configuration -->
    <!-- **************** -->
    <title>Konfiguration</title>
    <para>
        Folgende Konfigurations-Optionen können für dieses Paket verändert werden.
    </para>

    <sect1>
        <title>Frontend::Module###AgentITSMConfigItemCustomSearch</title>
        <para>Gruppe: OTRSCICustomSearch, Untergruppe: Frontend::Agent::ModuleRegistration</para>
        <para>
            Frontendmodul-Registrierung der neuen benutzerdefinierten CI-Suche. Hier kann u.a. der Name des Menü-Punktes "Suche (Benutzerdefiniert)" angepasst werden.
        </para>
    </sect1>
    <sect1>
        <title>ITSMConfigItem::CustomSearchXMLFields</title>
        <para>Gruppe: OTRSCICustomSearch, Untergruppe: Frontend::Agent::ViewConfigItemSearch</para>
        <para>
            Definiert die angezeigten Suchfelder für XML-Parameter von ConfigItems. Als Standard ist nur das Feld "Owner" sichtbar.
            Weitere CI-Attribute können als Such-Felder angezeigt werden, z. B. "NIC::IPAddress", etc.
        </para>
    </sect1>

</chapter>

<chapter>
    <!-- ******** -->
    <!-- 6. Usage -->
    <!-- ******** -->
    <title>Bedienung</title>
    <sect1>
        <title>Benutzerdefinierte CI-Suche</title>
        <para>
            Wenn mehrere ConfigItems aus verschiedenen CI-Klassen vorhanden sind, die alle einem bestimmten Besitzer zugeordnet sind,
            können Sie diese mit Hilfe der neuen benutzerdefinierten CI-Suche finden.
            Rufen Sie dazu im Hauptmenü "CMDB" den Menü-Punkt "Suche (Benutzerdefiniert)" auf:

            <mediaobject>
                <imageobject>
                    <imagedata scalefit="1" width="100%" contentdepth="100%" fileref="../images/Navigation.png" format="PNG"/>
                </imageobject>
            </mediaobject>
        </para>
        <para>
            In dieser Maske können als Suchkriterium die gewünschten Klassen, die Verwendungsstatus, die Vorfallsstatus, sowie der
            gesuchte Besitzer angegeben werden. Geben Sie im Such-Feld "Besitzer" den Namen eines Kunden ein. Der Kundenname wird
            per Autocomplete vervollständigt:

            <mediaobject>
                <imageobject>
                    <imagedata scalefit="1" width="100%" contentdepth="100%" fileref="../images/CustomSearchMask.png" format="PNG"/>
                </imageobject>
            </mediaobject>
        </para>
        <para>
            Nach dem Klick auf "Suche" werden alle CIs entsprechend ihrer angegebenen Kriterien gefunden, die diesem Besitzer zugeordnet sind.

            <mediaobject>
                <imageobject>
                    <imagedata scalefit="1" width="100%" contentdepth="100%" fileref="../images/SearchResult.png" format="PNG"/>
                </imageobject>
            </mediaobject>
        </para>
    </sect1>
</chapter>

<!-- ***************************************** Technical part ************************************ -->

<chapter>
    <!-- ********************************* -->
    <!-- 7. Technical Implematation Detail -->
    <!-- ********************************* -->
    <title>Details zur technischen Umsetzung</title>
    <para>
        Dieses Paket fügt ein neues Frontendmodul "AgentITSMConfigItemCustomSearch.pm" hinzu, welches im Hauptmenü "CMDB" einen weiteren
        Menü-Punkt "Suche (Benutzerdefiniert)" anzeigt.
    </para>
    <para>
        Die Datei Kernel/Config/Files/OTRSCICustomSearch.xml enthält alle Konfigurationseinträge für das Modul.
    </para>
    <para>
        Die Datei Kernel/Language/de_OTRSCICustomSearch.pm enthält die deutschen Übersetzungen.
    </para>
    <para>
        In der Template-Datei Kernel/Output/HTML/Standard/AgentITSMConfigItemCustomSearch.dtl ist der entsprechende
        HTML-Code für die Suchmaske enthalten.
    </para>
</chapter>

<chapter>
    <!-- *********** -->
    <!-- 8. Filelist -->
    <!-- *********** -->
    <title>Dateiliste</title>
    <!-- Standard text. Don't change this -->
    <para>Dieses Liste führt alle im Paket befindlichen Dateinamen mit Rechten auf.</para>
    <para>
       $Filelist
    </para>
</chapter>

<chapter>
    <!-- ******* -->
    <!-- 9. Test -->
    <!-- ******* -->
    <title>Tests</title>
    <para>Die Qualität des Moduls wurde auf dem heutigen Stand der Technik getestet.</para>
    <sect1>
        <title>Testfälle</title>
        <para>
            <!-- Reference to point 6.x and document the results -->
            Um dieses Modul zu testen folgen Sie bitte den Beispielen wie im Bereich Bedienung beschrieben.
        </para>
    </sect1>
</chapter>

<chapter>
    <!-- ************* -->
    <!-- 10. Changelog -->
    <!-- ************* -->
    <title>Änderungsliste</title>
    <para>
    $ChangeLog
    </para>
</chapter>

</book>
