<?xml version='1.0' encoding='utf-8'?>
<!DOCTYPE book PUBLIC "-//OASIS//DTD DocBook XML V4.4//EN" "http://www.oasis-open.org/docbook/xml/4.4/docbookx.dtd">

<book lang='de'>


<bookinfo>
<title>$Name</title>
<edition>$Description Version $Version</edition>

<copyright>
<year>$YearStamp</year>
<holder>$Vendor, $URL</holder>
</copyright>

<date>$DateStamp</date>

<legalnotice>
    <para>$License</para>
    <para>Copyright by $Vendor, Norsk-Data-Str. 1, 61352 Bad Homburg, Germany.</para>
    <para>Erstelldatum: $DateStamp</para>
</legalnotice>

</bookinfo>

<preface id="preface" >
    <title>Vorwort</title>
    <para>
        Dieses Paket bietet die Möglichkeit OTRSDynamicFieldAttachments anzulegen.
    </para>
    <para>
        Dynamische Felder vom Typ Attachment können ein oder viele Anhänge speichern.
    </para>
    <para>
        Sollten Sie Fragen zu diesem Dokument haben oder weitere Informationen benötigen, loggen Sie sich bitte mit Ihrer OTRS-ID in unser Kundenportal unter portal.otrs.com ein und eröffnen Sie ein Ticket. Sie haben noch keine OTRS-ID? Registrieren Sie sich
        <ulink url="https://portal.otrs.com/otrs/customer.pl#Signup">hier kostenlos</ulink>.
    </para>
</preface>

<chapter>
    <title>Funktionsliste</title>
    <sect1>
        <title>Ein DynamicFieldAttachment hinzufügen</title>
        <para>
            Diese Funktion hält ein Konfigurationsinterface zur Erstellung von DynamicFieldAttachments bereit.
        </para>
        <para>
            Auf die gleiche Weise, auf die auch andere Dynamische Felder angelegt werden,
            können DynamicFieldAttachments über ADMIN -> Ticket Einstellungen -> Dynamische Felder
            angelegt werden.
        </para>
        <para>
            Darin ist auswählbar ob das gewünschte Feld ein Artikel oder ein Ticket Feld sein soll.
        </para>
        <para>
            Artikel Felder nehmen Anhänge für jeden Ticket-Artikel auf. Anhänge die in einem
            DynamicFieldAttachment vom Typ Artikel gespeichert sind, können nur
            heruntergeladen, jedoch nicht gelöscht oder geändert werden.
        </para>
        <para>
            Ticket Felder nehmen Anhänge für jedes Ticket auf. Anhänge die in einem
            DynamicFieldAttachment vom Typ Ticket gespeichert sind, können
            heruntergeladen und gelöscht werden.
        </para>
        <para>
            Wie auch andere Dynamische Felder müssen DynamicFieldAttachments einen einzigartigen
            "Namen" haben, der nur aus Buchstaben oder Ganzzahlen bestehen darf.
        </para>
        <para>
            Die "Beschriftung" für DynamicFieldAttachments kann frei gewählt werden
            und wird als Titel des Felds in der OTRS Benutzeroberfläche angezeigt.
        </para>
        <para>
            Die "Feldreihenfolge" erlaubt es dem Administrator, die Anzeigereihenfolge
            bezogen auf andere angelegte Dynamische Felder festzulegen.
        </para>
        <para>
            "Gültigkeit" muss für alle Felder, die in Verwendung sind, auf "gültig" gestellt sein.
            Wenn die Gültigkeit auf "ungültig" gestellt wird,
            verschwinden die Dynamischen Felder aus allen OTRS Oberflächen.
        </para>
        <para>
            "Maximale Anzahl an Dokumenten" ist eine verpflichtende Einstellung, welche
            die maximale Anzahl an Anhängen die dieses DynamicFieldAttachment pro Ticket
            oder Artikel aufnehmen kann, festlegt. Wird dieser Wert erhöht, können mehr
            Anhänge in das DynamicFieldAttachment gespeichert werden. Wird der Wert reduziert,
            werden keine bestehenden Anhänge gelöscht, lediglich beim Anlegen neuer Tickets oder
            der Veränderung von DynamicFieldAttachment-Ticket Feldern stehen nur mehr die
            reduzierte Anzahl an Hochlade-Optionen zur Verfügung.
        </para>
        <para>
            "Maximale Dateigröße" ist eine verpflichtende Einstellung, welche die
            Maximalgröße die eine hochgeladene Datei haben darf in MegaByte zeigt.
            Wenn ein Agent oder Admin ein Dokument größer als das hier angegebene Maximum
            hochlädt, wird das Dokument zuerst akzeptiert. Sobald das Hochladen abgeschlossen ist,
            wird die Dokumentgröße überprüft. Das Dokument wird gelöscht, sollte es größer
            als das hier angegebene Maximum sein, sowie der Agent oder Admin darüber informiert,
            dass das Dokument gelöscht worden ist weil es die Maximale Dateigröße überschritten hat.
        </para>
    </sect1>
    <sect1>
        <title>DynamicFieldAttachments konfigurieren um sie in der Agent Oberfläche anzuzeiten</title>
        <para>
            So wie auch andere Dynamische Felder müssen DynamicFieldAttachments in den Oberflächen
            Bereichen hinzugefügt werden, in denen sie angezeigt werden sollen.
        </para>
        <para>
            Dies kann über ADMIN -> Systemverwaltung -> SysConfig gemacht werden, in der links
            die Auswahl "Ticket" gewählt werden muss.
        </para>
        <para>
            Für jeden Oberflächenbereich (Frontend), in denen
            DynamicFieldAttachments angezeigt werden sollen, muss der Admin in dessen Konfiguration
            gehen. Beispiele:
        </para>
        <para>
            Frontend::Agent::Ticket::ViewZoom für die Ticketanzeige.
        </para>
        <para>
            Frontend::Agent::Ticket::ViewPhoneNew für die Oberfläche, die für neue Telefontickets angezeigt wird.
        </para>
        <para>
            Frontend::Agent::Ticket::ViewNote für die Notiz Oberfläche.
        </para>
        <para>
            In jeder dieser Oberflächen Konfigurationen gibt es den Punkt
            Ticket::Frontend::AgentTicketOberflächenname###DynamicField.
            Dort muss der Admin einen Wert hinzufügen in dem er das "+" Symbol anklickt.
            Es erscheint eine neue Zeile, in die unter "Schlüssel" der Name des DynamicFieldAttachments
            sowie unter "Inhalt" die Zahl 1 für das Anzeigen des DynamicFieldAttachments bzw.
            die Zahl 2 um dieses Feld zu einem Pflichtfeld in der Oberfläche zu machen,
            eingetragen werden muss.
        </para>
    </sect1>
</chapter>

<chapter>
    <title>Systemvoraussetzung</title>
    <sect1>
        <title>Framework</title>
        <para>Das folgende OTRS Framework wird benötigt:</para>
        <para>
            $Framework
        </para>
    </sect1>
    <sect1>
        <title>Pakete</title>
        <para>Die folgenden Pakete werden benötigt:</para>
        <para>
            $PackageRequired
        </para>
    </sect1>
    <sect1>
        <title>Betriebssystem</title>
        <para>Das Paket kann mit folgenden Betriebssystemen verwendet werden:</para>
        <para>
            $OS
        </para>
    </sect1>
    <sect1>
        <title>Software von Drittanbietern</title>
        <para>Folgende Software wird für die Benutzung dieses Pakets benötigt:</para>
        <para>
            <itemizedlist>
                <listitem>
                    <para>Keine</para>
                </listitem>
            </itemizedlist>
        </para>
    </sect1>
</chapter>

<chapter>
    <title>Installation</title>
    <para>
        Die folgenden Instruktionen zeigen wie man das Paket installiert. Es gibt grundsätzlich zwei Möglichkeiten.
        Entweder über das Admin-Interface oder über die System-Eingabe.
    </para>
    <sect1>
        <title>Admin Interface</title>
        <para>
            Über die folgende URL kann das Paket über das Admin-Interface installiert bzw. wenn nötig auch aktualisiert
            oder deinstalliert werden (bitte vorher prüfen ob der Benutzer auch in der Admin-Gruppe ist):
            <ulink url="http://localhost/otrs/index.pl?Action=AdminPackageManager">
                http://localhost/otrs/index.pl?Action=AdminPackageManager
            </ulink>
        </para>
    </sect1>
    <sect1>
        <title>Kommandozeile</title>
        <para>
            Ist es nicht möglich das Admin-Interface zu benutzen, kann das folgende
            Kommandozeilen-Tool ("bin/otrs.Console.pl Admin::Package::Install") benutzt werden.
        </para>
        <para>
            <screen>
    shell> bin/otrs.Console.pl Admin::Package::Install /path/to/$Name-$Version.opm
            </screen>
        </para>
    </sect1>
</chapter>

<chapter>
    <title>Konfiguration</title>
    <para>
        Folgende Konfigurationen können für dieses Paket verändert werden:
    </para>
    <sect1>
        <title>DynamicFields::Backend::Registration</title>
        <para>Gruppe: DynamicFields, Untergruppe: DynamicFields::Backend::Registration</para>
        <para>
            Im DynamicFields::Backend###Attachment Bereich kann der "ItemSeparator" verändert werden.
            Der Separator wird in Ticket-History Einträgen zwischen die Dokumentnamen - Dateigrößen Paare gesetzt.
        </para>
    </sect1>
</chapter>
<chapter>
    <!-- ******** -->
    <!-- 6. Usage -->
    <!-- ******** -->
    <title>Benutzung</title>
    <!--
        Create for every "possible" use case a step by step list clearly explained to customers. Screenshots desirable-
        e.g.
        1.  Choose new phone ticket frontend ?
        2.  Fillup required data (subject)
        3.  Submit the data (have a look at screenshot)
        ...
    -->
    <sect1>
        <title>Zu berücksichtigen nach der Installation</title>
        <para>
            Wenn das System, auf dem das Modul installiert wurde, mod_perl benutzt, ist es nötig
            den Web Server nach erfolgter Installation durchzustarten, um mod_perl die neu hinzugefügten
            Teile dieses Moduls einlesen und verwenden lassen zu können.
        </para>
    </sect1>
    <sect1>
        <title>Ein Dokument in ein DynamicFieldAttachment hochladen</title>
        <para>
            Sobald das DynamicFieldAttachment konfiguriert wurde und zu den gewünschten
            Oberflächenbereichen hinzugefügt wurde, kann ein Admin oder Agent ein neues Ticket
            erstellen. Wenn das DynamicFieldAttachment für diese Oberfläche konfiguriert wurde,
            erscheint ein Upload Bereich für das DynamicFieldAttachment.
        </para>
        <para>
            Nun kann der Admin oder Agent Dokumente für das DynamicFieldAttachment hinzufügen
            in dem er den Knopf links neben dem "Löschen" Knopf anklickt und das Dokument
            auwählt, das hochgeladen werden soll.
        </para>
        <para>
            Anders als OTRS bisher mit Anhängen umgegangen ist, wird das Dokument für
            DynamicFieldAttachments nicht sofort hochgeladen. Stattdessen wird ein weiteres
            Feld um Dateien hochzuladen erscheinen, so lange die eingestellte
            "Maximale Anzahl an Dokumenten" nicht erreicht wurde.
        </para>
        <para>
            Der Admin oder Agent kann nun Dokumente löschen oder hinzufügen,
            bis die nötige Information für dieses Ticket erfasst ist und der "Erstellen" Knopf
            gedrückt wurde. Nach dem "Erstellen" werden die Dokumente der DynamicFieldAttachments
            hochgeladen. Somit bitten wir an dieser Stelle um Geduld, wenn die hinzugefügten
            Dokumente größer sein sollten. In dem Fall könnte das Hochladen einige Zeit in Anspruch nehmen.
        </para>
        <para>
            Wenn ein Dokument die "Maximale Dateigröße" für dieses DynamicFieldAttachment überschritten hat,
            werden alle anderen gültigen Anhänge gespeichert, sowie eine Meldung angezeigt,
            die den Admin oder Agent darüber informiert, welche Datei(en) die Maximale Dateigröße
            überschritten haben, sowie darüber, dass diese gelöscht wurden. In diesem Fall wurde das Ticket
            noch nicht erstellt, so lange kein "Erstellen"-klick mit gültigen Anhängen erfolgte.
        </para>
        <para>
            Mehr als ein Dokument mit dem gleichen Namen darf nicht in ein DynamicFieldAttachment geladen werden.
            Sollte es trotzdem passieren, wird das System den Admin oder Agent darüber informieren,
            dass dies nicht gestattet ist. Wie auch bei der Überschreitung der maximalen Dateigröße
            wird das Ticket erst erstellt,
            wenn es keine Fehler wie diesen bei Betätigung des "Erstellen" Knopfes mehr gibt.
        </para>
    </sect1>
    <sect1>
        <title>Ein in einem DynamicFieldAttachment gespeichertes Dokument herunterladen</title>
        <para>
            Wenn ein DynamicFieldAttachment so konfiguriert wurde, dass es in der "TicketZoom"
            Oberfläche angezeigt werden soll, erscheint es in der "TicketZoom" Ansicht.
        </para>
        <para>
            Ticket-DynamicFieldAttachments werden normalerweise in der rechten Spalte angezeigt.
            Rechts von der "Beschreibung" wird ein Symbol, das einem Text Dokument ähnelt, angezeigt.
            Wenn auf dieses Symbol geklickt wird, erscheint ein Einblendfenster mit dem Titel "Attachments".
            Darin werden alle Dokumentnamen wie auch die jeweilige Dokumentgröße angezeigt.
            Wird der Dokumentname angeklickt, so wird das Dokument heruntergeladen.
        </para>
        <para>
            Artikel-DynamicFieldAttachments werden im Kopfbereich eines Artikels in der Mitte
            der Ticketansicht angezeigt.
            Rechts von der "Beschreibung" wird ein Symbol, das einem Text Dokument ähnelt, angezeigt.
            Wenn auf dieses Symbol geklickt wird, erscheint ein Einblendfenster mit dem Titel "Attachments".
            Darin werden alle Dokumentnamen wie auch die jeweilige Dokumentgröße angezeigt.
            Wird der Dokumentname angeklickt, so wird das Dokument heruntergeladen.
        </para>
    </sect1>
    <sect1>
        <title>Ein Dokument aus einem Ticket_DynamicFieldAttachment löschen</title>
        <para>
            Wenn ein Ticket DynamicFieldAttachment konfiguriert wurde, sodass es im Bereich "Freie Felder"
            angezeigt werden soll, so werden die Dokumente des DynamicFieldAttachments dieses Tickets in der
            "Freie Felder" Ansicht angezeigt.
        </para>
        <para>
            In dieser Ansicht können bestehende Dokumente gelöscht sowie neue hinzugefügt werden.
        </para>
        <para>
            Die Dateigröße wird auf die gleiche Weise überprüft, wie bereits im Bereich
            "Ein Dokument in ein DynamicFieldAttachment hochladen" beschrieben.
        </para>
    </sect1>
    <sect1>
        <title>Nach Anhängen eines DynamicFieldAttachments suchen</title>
        <para>
            DynamicFieldAttachments unterstützen nur die Suche nach den Dateinamen
            der angehängten Dokumente.
        </para>
        <para>
            Um nach DynamicFieldAttachments suchen zu können, müssen diese für die Suchmaske
            konfiguriert werden. Hierzu wieder in
            ADMIN -> Systemverwaltung -> SysConfig gehen, links "Ticket" auswählen,
            in der erscheinenden Liste "Frontend::Agent::Ticket::ViewSearch" anklicken.
        </para>
        <para>
            In der folgenden Anzeige zum Bereich "Ticket::Frontend::AgentTicketSearch###DynamicField"
            scrollen. Hier für jedes DynamicFieldAttachment, nach dem gesucht werden soll,
            mittels "+" Symbol eine Zeile hinzufügen, unter "Schlüssel" den Namen des
            DynamicFieldAttachments eintragen und unter "Inhalt" die Zahl 1.
        </para>
        <para>
            Sobald dies konfiguriert wurde kann in der regulären Ticket Suche das/die
            konfigurierten DynamicFieldAttachment Feld hinzugefügt werden, sowie im
            Eingabefeld der gesuchte Dateiname eingegeben werde. Wie bei der Suche nach
            anderen Ticket Informationen können auch hier "*" als Wildcard Zeichen verwendet werden.
        </para>
      </sect1>
</chapter>
<!-- ***************************************** Technical part ************************************ -->

<chapter>
    <!-- ********************************* -->
    <!-- 7. Technical Implematation Detail -->
    <!-- ********************************* -->
    <title>Technische Umsetzungsdetails</title>
    <!--
        Describe the technical structure of the module and the technical functioning out of a developer's perspective.
            -   Which module layers are used where/as?
            -   What are the technical features of it?
    -->
    <para>
        Dieses Modul ist größtenteils gekapselt. Das einzige systemspezifische Modul, das ersetzt wird, ist
        Kernel/Output/HTML/Standard/Footer.dtl um die Übersetzung des Lösch-Buttons zu gewährleisten.
    </para>
    <para>
        Dieses Modul verwendet VirtualFS als Speicher-Backend für hochgeladene Dokumente.
        Bitte vergewissern Sie sich, das für Sie passende VirtualFS Speicher-Backend zu konfigurieren
        bevor sie DynamicFieldAttachments befüllen.
    </para>
    <!--
OK, so far for the users and now for the developers underneath us:
Functionality:
    - For every DynamicFieldAttachment displayed for uploading,
        the system generates a hidden parameter called DynamicField_${Fieldname}UID

        If a user uploads files and submits, this UID is used as the FormID parameter to store
        the files of exactly this one DynamicFieldAttachment's file in the upload cache.

        On erroneous submits, the UID is reused and reinserted in the upload form.

        If no UID got submitted we assume it's a request for a new ticket or change of
        stored values, not a resubmit caused by an error. In this case the UID is generated freshly.

    - There is one module that leaves the path of a regular DynamicField Backend scope. This module is
        Kernel/Modules/AgentDynamicFieldAttachment.pm. It takes care of actual download requests,
        checks if the demanding user has the rights to view this ticket and gets the DynamicField
        value with an additional flag "Download" set to 1 in order to not just retrieve the file info
        but the actual binary file and its meta info.


    - Additionally the Javascript Class var/httpd/htdocs/js/Core.Agent.DynamicField.Attachment.js is
        loaded globally. It takes care of adding upload inputs
        up to the maximum allowed files for one DynamicFieldAttachment,
        as well as deleting inputs. It keeps the input type file fields in order starting count at 0
        and going up to the max amount. The functions in there may be integrated into Core.Agent.TicketAction.js
        because they are just needed in interfaces where Core.Agent.TicketAction.js is already loaded.

    - There are two more difficult parts in this package. The first is the handling of 3 sources
        where DynamicFieldAttachment files can be located. Ordered by the way they're coming in, these are:
        1. ParamObject. Files that just got uploaded are found here. 2. the Upload Cache.
        Files that got validated are found here. 3. The VirtualFS. Sucessfully stored files are found here.

        For displaying an editable DynamicFieldAttachment these sources are processed starting with
        files in the VirtualFS continuing with files in the "ParamObject" and finally adding files that
        were submitted with this request.

        The second dificult or tricky part is in "ZoomView" when displaying DynamicFieldAttachments for
        downloading files. DynamicFieldAttachments for tickets need their Javascript binding functionality
        for displaying file links as on_document_complete whereas DynamicFieldAttachments for articles
        need their javascript bindings as on_document_complete only if they were displayed by a regular
        page web request. If articles got displayed by javascript call (e.g. "ZoomView" is open and
        a user clicks on another article than the currently displayed one), javascript code has
        to be delivered inline.

        To distinguish between these two different calls Kernel/System/DynamicField/Backend/Attachment.pm
        has to go up the calling chain for 3 layers. In the third layer there is the difference.
        If it was a javascript call the third caller is Kernel::System::Web::InterfaceAgent, anything else
        are regular page-loads.
-->
</chapter>

<chapter>
    <!-- *********** -->
    <!-- 8. Filelist -->
    <!-- *********** -->
    <title>Dateiliste</title>
    <!-- Standard text. Don't change this -->
    <para>Diese Liste führt alle im Paket befindlichen Dateinamen mit Rechten auf.</para>
    <para>
       $Filelist
    </para>
</chapter>

<chapter>
    <title>Tests</title>
    <para>Dieses Modul wurde einer Qualitätskontrolle nach den aktuellen OTRS Richtlinien unterzogen.</para>
    <sect1>
        <title>Testbeispiele</title>
        <para>
                <!-- Reference to point 6.x and document the results -->
            Um dieses Modul zu testen folgen Sie bitten den Beispielen aus dem Abschnitt "Benutzung".
        </para>
    </sect1>
    <sect1>
        <title>Unit Test</title>
        <para>
            Für dieses Paket stehen keine Unit Tests zur Verfügung.
        </para>
    </sect1>
</chapter>

<chapter>
    <title>Änderungsliste</title>
    <para>
        $ChangeLog
    </para>
</chapter>

</book>
